{"cameraMode":{"drawMode":0,"name":"Shaded","section":"Shading Mode"},"sceneLighting":false,"audioPlay":false,"sceneViewState":{"showFog":false,"showMaterialUpdate":false,"showSkybox":false,"showFlares":false,"showImageEffects":false,"showParticleSystems":false},"in2DMode":false,"pivot":{"x":26.079999923706056,"y":-17.8700008392334,"z":-7.380000114440918},"rotation":{"x":0.0638500303030014,"y":-0.011975126340985299,"z":0.0007663780706934631,"w":0.9978883862495422},"size":5.441884994506836,"orthographic":false}